Round#,Match#,Game#,Server,Receiver,First Serves,First Serve Wins,First Serve Loss,First Service Fault,Second Serves,Second Serve Wins,Second Serve Loss,Double Faults,Aces,Total Points Won,Total Points Lost
1,6,1,Jit Narayan De,Subhadip Chakraborty,4,4,0,0,0,0,0,0,0,4,0
1,6,2,Subhadip Chakraborty,Jit Narayan De,4,0,1,3,3,0,3,0,0,0,4
1,6,3,Jit Narayan De,Subhadip Chakraborty,5,3,1,1,1,1,0,0,0,4,1
1,6,4,Subhadip Chakraborty,Jit Narayan De,5,1,0,4,4,0,4,1,0,1,4
1,6,5,Jit Narayan De,Subhadip Chakraborty,4,3,0,1,1,1,0,0,0,4,0
1,6,6,Subhadip Chakraborty,Jit Narayan De,5,0,1,4,4,1,3,0,0,1,4
1,17,1,CKP,Avijit Paul,6,3,0,3,3,1,2,0,0,4,2
1,17,2,Avijit Paul,CKP,6,1,2,3,3,1,2,2,0,2,4
1,17,3,CKP,Avijit Paul,4,3,0,1,1,1,0,0,0,4,0
1,17,4,Avijit Paul,CKP,4,0,4,0,0,0,0,0,0,0,4
1,17,5,CKP,Avijit Paul,10,5,2,3,3,1,2,0,0,6,4
1,17,6,Avijit Paul,CKP,5,3,0,2,2,1,1,0,0,4,1
1,17,7,CKP,Avijit Paul,4,3,0,1,1,1,0,0,0,4,0
1,21,1,Sumit Raychaudhuri,Ishmeet,6,1,1,4,4,3,1,0,0,4,2
1,21,2,Ishmeet,Sumit Raychaudhuri,5,1,1,3,3,0,3,0,0,1,4
1,21,3,Sumit Raychaudhuri,Ishmeet,4,1,0,3,3,3,0,0,0,4,0
1,21,4,Ishmeet,Sumit Raychaudhuri,5,3,0,2,2,1,1,0,0,4,1
1,21,5,Sumit Raychaudhuri,Ishmeet,5,2,0,3,3,2,1,0,1,4,1
1,21,6,Ishmeet,Sumit Raychaudhuri,8,2,3,3,3,1,2,2,0,3,5
1,21,7,Sumit Raychaudhuri,Ishmeet,16,5,4,7,7,2,5,1,1,7,9
1,21,8,Ishmeet,Sumit Raychaudhuri,8,4,1,3,3,1,2,1,0,5,3
1,21,9,Sumit Raychaudhuri,Ishmeet,6,2,2,2,2,0,2,1,0,2,4
1,21,10,Ishmeet,Sumit Raychaudhuri,5,1,4,0,0,0,0,0,0,1,4
1,9,1,Samarth Gupta,Arin Neogi,4,0,2,2,2,0,2,1,0,0,4
1,9,2,Arin Neogi,Samarth Gupta,4,1,0,3,3,3,0,0,0,4,0
1,9,3,Samarth Gupta,Arin Neogi,6,2,2,2,2,0,2,1,0,2,4
1,9,4,Arin Neogi,Samarth Gupta,12,5,1,6,6,2,4,0,0,7,5
1,9,5,Samarth Gupta,Arin Neogi,6,1,2,3,3,1,2,1,0,2,4
1,9,6,Arin Neogi,Samarth Gupta,6,4,1,1,1,0,1,1,0,4,2
1,10,1,Tarun Sharma,Ajit Bikram,8,2,4,2,2,1,1,1,0,3,5
1,10,2,Ajit Bikram,Tarun Sharma,4,0,0,4,4,0,4,0,0,0,4
1,10,3,Tarun Sharma,Ajit Bikram,8,3,5,0,0,0,0,0,0,3,5
1,10,4,Ajit Bikram,Tarun Sharma,4,0,0,4,4,4,0,0,0,4,0
1,10,5,Tarun Sharma,Ajit Bikram,6,2,4,0,0,0,0,0,0,2,4
1,10,6,Ajit Bikram,Tarun Sharma,10,5,1,4,4,1,3,3,0,6,4
1,10,7,Tarun Sharma,Ajit Bikram,6,1,4,1,1,1,0,0,0,2,4
1,22,1,Sandip Kundu,Dr. Niraj Priyadarshi,5,0,3,2,2,1,1,0,0,1,4
1,22,2,Dr. Niraj Priyadarshi,Sandip Kundu,5,4,0,1,1,0,1,0,0,4,1
1,22,3,Sandip Kundu,Dr. Niraj Priyadarshi,4,0,1,3,3,0,3,1,0,0,4
1,22,4,Dr. Niraj Priyadarshi,Sandip Kundu,6,2,4,0,0,0,0,0,0,2,4
1,22,5,Sandip Kundu,Dr. Niraj Priyadarshi,8,2,4,2,2,1,1,1,0,3,5
1,22,6,Dr. Niraj Priyadarshi,Sandip Kundu,8,3,4,1,1,0,1,0,0,3,5
1,22,7,Sandip Kundu,Dr. Niraj Priyadarshi,4,2,0,2,2,2,0,0,0,4,0
1,22,8,Dr. Niraj Priyadarshi,Sandip Kundu,6,3,1,2,2,1,1,1,0,4,2
1,22,9,Sandip Kundu,Dr. Niraj Priyadarshi,5,1,1,3,3,0,3,0,0,1,4
1,12,1,Atulya Priyadarshi,Debasis Kundu,5,2,0,3,3,2,1,1,0,4,1
1,12,2,Debasis Kundu,Atulya Priyadarshi,5,3,0,2,2,1,1,1,0,4,1
1,12,3,Atulya Priyadarshi,Debasis Kundu,4,0,1,3,3,0,3,1,0,0,4
1,12,4,Debasis Kundu,Atulya Priyadarshi,6,3,0,3,3,1,2,1,0,4,2
1,12,5,Atulya Priyadarshi,Debasis Kundu,6,0,2,4,4,2,2,1,0,2,4
1,12,6,Debasis Kundu,Atulya Priyadarshi,5,1,0,4,4,3,1,0,0,4,1
1,12,7,Atulya Priyadarshi,Debasis Kundu,10,4,1,5,5,2,3,1,0,6,4
1,12,8,Debasis Kundu,Atulya Priyadarshi,6,2,1,3,3,0,3,2,0,2,4
1,12,9,Atulya Priyadarshi,Debasis Kundu,6,2,3,1,1,0,1,0,0,2,4
1,5,1,Dipanjan Mitra,Vivaan Chandra,5,4,0,1,1,0,1,0,0,4,1
1,5,2,Vivaan Chandra,Dipanjan Mitra,10,4,2,4,4,2,2,1,0,6,4
1,5,3,Dipanjan Mitra,Vivaan Chandra,6,2,4,0,0,0,0,0,0,2,4
1,5,4,Vivaan Chandra,Dipanjan Mitra,4,0,4,0,0,0,0,0,0,0,4
1,5,5,Dipanjan Mitra,Vivaan Chandra,8,5,3,0,0,0,0,0,0,5,3
1,5,6,Vivaan Chandra,Dipanjan Mitra,5,1,3,1,1,0,1,0,0,1,4
1,5,7,Dipanjan Mitra,Vivaan Chandra,6,4,2,0,0,0,0,0,0,4,2
1,5,8,Vivaan Chandra,Dipanjan Mitra,10,4,3,3,3,0,3,0,0,4,6
1,7,1,Sneh Mitra,Sisir Biswas,5,1,0,4,4,3,1,0,1,4,1
1,7,2,Sisir Biswas,Sneh Mitra,4,0,0,4,4,0,4,2,0,0,4
1,7,3,Sneh Mitra,Sisir Biswas,5,2,0,3,3,2,1,0,1,4,1
1,7,4,Sisir Biswas,Sneh Mitra,12,3,2,7,7,2,5,4,1,5,7
1,7,5,Sneh Mitra,Sisir Biswas,5,0,0,5,5,4,1,0,0,4,1
1,7,6,Sisir Biswas,Sneh Mitra,4,0,0,4,4,0,4,3,0,0,4
1,13,1,Amik Parua,Sourav Ghosh,8,1,1,6,6,2,4,0,0,3,5
1,13,2,Sourav Ghosh,Amik Parua,8,3,2,3,3,2,1,0,0,5,3
1,13,3,Amik Parua,Sourav Ghosh,5,1,0,4,4,3,1,0,0,4,1
1,13,4,Sourav Ghosh,Amik Parua,6,1,0,5,5,3,2,0,0,4,2
1,13,5,Amik Parua,Sourav Ghosh,8,1,1,6,6,2,4,0,0,3,5
1,13,6,Sourav Ghosh,Amik Parua,4,0,0,4,4,4,0,0,0,4,0
1,13,7,Amik Parua,Sourav Ghosh,6,0,2,4,4,2,2,1,0,2,4
1,18,1,Neelabh Neeraj,Anuj Pandit,5,1,3,1,1,0,1,0,0,1,4
1,18,2,Anuj Pandit,Neelabh Neeraj,5,3,1,1,1,1,0,0,1,4,1
1,18,3,Neelabh Neeraj,Anuj Pandit,5,1,1,3,3,0,3,1,0,1,4
1,18,4,Anuj Pandit,Neelabh Neeraj,4,2,0,2,2,2,0,0,0,4,0
1,18,5,Neelabh Neeraj,Anuj Pandit,6,1,4,1,1,1,0,0,0,2,4
1,18,6,Anuj Pandit,Neelabh Neeraj,8,3,0,5,5,2,3,0,1,5,3
1,1,1,Prakash Panda,Sanjib Mahanta,4,2,0,2,2,2,0,0,2,4,0
1,1,2,Sanjib Mahanta,Prakash Panda,5,0,1,4,4,1,3,0,0,1,4
1,1,3,Prakash Panda,Sanjib Mahanta,12,1,1,10,10,4,6,1,0,5,7
1,1,4,Sanjib Mahanta,Prakash Panda,4,0,0,4,4,0,4,2,0,0,4
1,1,5,Prakash Panda,Sanjib Mahanta,4,1,0,3,3,3,0,0,0,4,0
1,1,6,Sanjib Mahanta,Prakash Panda,4,0,0,4,4,0,4,2,0,0,4
1,1,7,Prakash Panda,Sanjib Mahanta,6,2,1,3,3,2,1,1,0,4,2
1,15,1,Sagir Gogoi,Sanjoy Saha,6,1,2,3,3,1,2,0,0,2,4
1,15,2,Sanjoy Saha,Sagir Gogoi,4,2,0,2,2,2,0,0,0,4,0
1,15,3,Sagir Gogoi,Sanjoy Saha,4,3,0,1,1,1,0,0,0,4,0
1,15,4,Sanjoy Saha,Sagir Gogoi,8,5,3,0,0,0,0,0,0,5,3
1,15,5,Sagir Gogoi,Sanjoy Saha,8,1,2,5,5,2,3,0,0,3,5
1,15,6,Sanjoy Saha,Sagir Gogoi,5,3,0,2,2,1,1,0,2,4,1
1,15,7,Sagir Gogoi,Sanjoy Saha,5,0,1,4,4,1,3,0,0,1,4
1,16,1,Shlok Mitra,Saikat Maity,6,2,1,3,3,2,1,1,0,4,2
1,16,2,Saikat Maity,Shlok Mitra,8,2,3,3,3,1,2,1,0,3,5
1,16,3,Shlok Mitra,Saikat Maity,5,3,1,1,1,1,0,0,0,4,1
1,16,4,Saikat Maity,Shlok Mitra,6,1,2,3,3,1,2,0,0,2,4
1,16,5,Shlok Mitra,Saikat Maity,4,1,0,3,3,3,0,0,0,4,0
1,16,6,Saikat Maity,Shlok Mitra,6,1,0,5,5,1,4,0,0,2,4
1,8,1,Vikrant Chopra,Tanmay Saha,5,0,1,4,4,1,3,2,0,1,4
1,8,2,Tanmay Saha,Vikrank Chopra,6,3,1,2,2,1,1,1,0,4,2
1,8,3,Vikrant Chopra,Tanmay Saha,6,3,1,2,2,1,1,0,0,4,2
1,8,4,Tanmay Saha,Vikrant Chopra,5,1,1,3,3,0,3,2,0,1,4
1,8,5,Vikrant Chopra,Tanmay Saha,8,3,1,4,4,2,2,1,0,5,3
1,8,6,Tanmay Saha,Vikrant Chopra,12,4,2,6,6,3,3,2,0,7,5
1,8,7,Vikrant Chopra,Tanmay Saha,6,3,2,1,1,1,0,0,0,4,2
1,8,8,Tanmay Saha,Vikrant Chopra,5,1,4,0,0,0,0,0,0,1,4
1,8,9,Vikrant Chopra,Tanmay Saha,4,0,4,0,0,0,0,0,0,0,4
1,8,10,Tanmay Saha,Vikrant Chopra,6,1,2,3,3,1,2,2,0,2,4
1,4,1,Kamal Agarwal,Agniswar Chatterjee,4,3,0,1,1,1,0,0,0,4,0
1,4,2,Agniswar Chatterjee,Kamal Agarwal,4,0,1,3,3,0,3,0,0,0,4
1,4,3,Kamal Agarwal,Agniswar Chatterjee,4,2,0,2,2,2,0,0,0,4,0
1,4,4,Agniswar Chatterjee,Kamal Agarwal,4,0,4,0,0,0,0,0,0,0,4
1,4,5,Kamal Agarwal,Agniswar Chatterjee,5,3,0,2,2,1,1,0,1,4,1
1,4,6,Agniswar Chatterjee,Kamal Agarwal,8,3,0,5,5,0,5,2,1,3,5
1,11,1,Vipul Gupta,Vivek Karmakar,5,1,2,2,2,0,2,0,0,1,4
1,11,2,Vivek Karmakar,Vipul Gupta,6,4,0,2,2,0,2,2,0,4,2
1,11,3,Vipul Gupta,Vivek Karmakar,6,1,3,2,2,1,1,0,0,2,4
1,11,4,Vivek Karmakar,Vipul Gupta,14,6,3,5,5,2,3,2,0,8,6
1,11,5,Vipul Gupta,Vivek Karmakar,5,1,3,1,1,0,1,0,1,1,4
1,11,6,Vivek Karmakar,Vipul Gupta,5,1,1,3,3,0,3,2,0,1,4
1,11,7,Vipul Gupta,Vivek Karmakar,6,1,3,2,2,1,1,0,0,2,4
1,19,1,Akhilesh Verma,Arka Sinha,4,2,0,2,2,2,0,0,0,4,0
1,19,2,Arka Sinha,Akhilesh Verma,8,1,2,5,5,2,3,0,0,3,5
1,19,3,Akhilesh Verma,Arka Sinha,5,3,0,2,2,1,1,0,0,4,1
1,19,4,Arka Sinha,Akhilesh Verma,16,4,6,6,6,3,3,1,1,7,9
1,19,5,Akhilesh Verma,Arka Sinha,5,2,0,3,3,2,1,0,0,4,1
1,19,6,Arka Sinha,Akhilesh Verma,6,1,3,2,2,1,1,1,0,2,4
1,14,1,Abhishek Kumar,Satyabrata Mishra,5,0,2,3,3,1,2,0,0,1,4
1,14,2,Satyabrata Mishra,Abhishek Kumar,6,2,1,3,3,2,1,0,0,4,2
1,14,3,Abhishek Kumar,Satyabrata Mishra,5,0,0,5,5,1,4,0,0,1,4
1,14,4,Satyabrata Mishra,Abhishek Kumar,5,2,1,2,2,2,0,0,0,4,1
1,14,5,Abhishek Kumar,Satyabrata Mishra,5,0,1,4,4,1,3,0,0,1,4
1,14,6,Satyabrata Mishra,Abhishek Kumar,12,4,5,3,3,1,2,1,0,5,7
1,14,7,Abhishek Kumar,Satyabrata Mishra,5,0,3,2,2,1,1,0,0,1,4
1,3,1,Vineet Gupta,Mohit Kumar,8,3,1,4,4,2,2,1,0,5,3
1,3,2,Mohit Kumar,Vineet Gupta,5,0,1,4,4,1,3,0,0,1,4
1,3,3,Vineet Gupta,Mohit Kumar,8,2,0,6,6,1,5,2,0,3,5
1,3,4,Mohit Kumar,Vineet Gupta,5,1,1,3,3,3,0,0,0,4,1
1,3,5,Vineet Gupta,Mohit Kumar,10,3,1,6,6,3,3,2,0,6,4
1,3,6,Mohit Kumar,Vineet Gupta,8,0,3,5,5,3,2,0,0,3,5
1,3,7,Vineet Gupta,Mohit Kumar,5,1,2,2,2,0,2,0,0,1,4
1,3,8,Mohit Kumar,Vineet Gupta,5,1,0,4,4,3,1,0,0,4,1
1,3,9,Vineet Gupta,Mohit Kumar,6,2,0,4,4,2,2,0,0,4,2
1,3,10,Mohit Kumar,Vineet Gupta,10,5,2,3,3,1,2,1,0,6,4
1,3,11,Vineet Gupta,Mohit Kumar,6,3,1,2,2,1,1,0,0,4,2
1,3,12,Mohit Kumar,Vineet Gupta,8,0,2,6,6,3,3,0,0,3,5
2,25,1,Prakash Panda,Vineet Gupta,5,1,0,4,4,0,4,0,0,1,4
2,25,2,Vineet Gupta,Prakash Panda,4,0,3,1,1,0,1,0,0,0,4
2,25,3,Prakash Panda,Vineet Gupta,5,0,0,5,5,1,4,0,0,1,4
2,25,4,Vineet Gupta,Prakash Panda,4,0,2,2,2,0,2,1,0,0,4
2,25,5,Prakash Panda,Vineet Gupta,6,3,1,2,2,1,1,0,0,4,2
2,25,6,Vineet Gupta,Prakash Panda,12,3,1,8,8,4,4,1,1,7,5
2,25,7,Prakash Panda,Vineet Gupta,5,1,2,2,2,0,2,0,0,1,4
2,25,8,Vineet Gupta,Prakash Panda,8,4,0,4,4,1,3,1,0,5,3
2,25,9,Prakash Panda,Vineet Gupta,10,5,1,4,4,1,3,0,0,6,4
2,25,10,Vineet Gupta,Prakash Panda,4,4,0,0,0,0,0,0,0,4,0
2,28,1,Vivek Karmakar,Ajit Bikram,6,4,1,1,1,0,1,1,0,4,2
2,28,2,Ajit Bikram,Vivek Karmakar,6,3,1,2,2,1,1,0,0,4,2
2,28,3,Vivek Karmakar,Ajit Bikram,8,3,3,2,2,2,0,0,0,5,3
2,28,4,Ajit Bikram,Vivek Karmakar,5,1,1,3,3,0,3,3,0,1,4
2,28,5,Vivek Karmakar,Ajit Bikram,5,3,0,2,2,1,1,0,0,4,1
2,28,6,Ajit Bikram,Vivek Karmakar,5,2,0,3,3,2,1,0,0,4,1
2,28,7,Vivek Karmakar,Ajit Bikram,6,3,1,2,2,1,1,1,0,4,2
2,28,8,Ajit Bikram,Vivek Karmakar,6,3,2,1,1,1,0,0,0,4,2
2,28,9,Vivek Karmakar,Ajit Bikram,8,5,2,1,1,0,1,0,1,5,3
2,42,1,Agniswar Chatterjee,Sanjib Mahanta,6,3,1,2,2,1,1,1,0,4,2
2,42,2,Sanjib Mahanta,Agniswar Chatterjee,8,1,1,6,6,2,4,0,0,3,5
2,42,3,Agniswar Chatterjee,Sanjib Mahanta,14,4,3,7,7,2,5,3,0,6,8
2,42,4,Sanjib Mahanta,Agniswar Chatterjee,5,2,0,3,3,2,1,0,0,4,1
2,42,5,Agniswar Chatterjee,Sanjib Mahanta,8,2,3,3,3,1,2,1,0,3,5
2,42,6,Sanjib Mahanta,Agniswar Chatterjee,4,1,0,3,3,3,0,0,0,4,0
2,42,7,Agniswar Chatterjee,Sanjib Mahanta,6,1,2,3,3,1,2,1,0,2,4
2,42,8,Sanjib Mahanta,Agniswar Chatterjee,8,2,1,5,5,3,2,0,0,5,3
2,27,1,Arin Neogi,Dipanjan Mitra,5,0,2,3,3,1,2,1,0,1,4
2,27,2,Dipanjan Mitra,Arin Neogi,5,3,1,1,1,1,0,0,0,4,1
2,27,3,Arin Neogi,Dipanjan Mitra,12,4,3,5,5,1,4,1,0,5,7
2,27,4,Dipanjan Mitra,Arin Neogi,6,2,4,0,0,0,0,0,0,2,4
2,27,5,Arin Neogi,Dipanjan Mitra,4,0,1,3,3,0,3,1,0,0,4
2,27,6,Dipanjan Mitra,Arin Neogi,10,4,4,2,2,0,2,1,0,4,6
2,27,7,Arin Neogi,Dipanjan Mitra,4,0,1,3,3,0,3,1,0,0,4
2,27,8,Dipanjan Mitra,Arin Neogi,8,3,1,4,4,2,2,0,0,5,3
2,23,1,Sanjoy Saha,Satyabrata Mishra,8,3,0,5,5,2,3,0,0,5,3
2,23,2,Satyabrata Mishra,Sanjoy Saha,6,2,2,2,2,0,2,0,0,2,4
2,23,3,Sanjoy Saha,Satyabrata Mishra,6,3,1,2,2,1,1,1,0,4,2
2,23,4,Satyabrata Mishra,Sanjoy Saha,8,1,2,5,5,2,3,1,0,3,5
2,23,5,Sanjoy Saha,Satyabrata Mishra,6,3,0,3,3,1,2,0,1,4,2
2,23,6,Satyabrata Mishra,Sanjoy Saha,4,0,1,3,3,0,3,2,0,0,4
2,31,1,Anuj Pandit,Sumit Raychaudhuri,6,1,1,4,4,1,3,1,0,2,4
2,31,2,Sumit Raychaudhuri,Anuj Pandit,5,0,1,4,4,1,3,0,0,1,4
2,31,3,Anuj Pandit,Sumit Raychaudhuri,6,0,0,6,6,4,2,0,0,4,2
2,31,4,Sumit Raychaudhuri,Anuj Pandit,6,2,0,4,4,2,2,0,0,4,2
2,31,5,Anuj Pandit,Sumit Raychaudhuri,8,2,3,3,3,1,2,0,0,3,5
2,31,6,Sumit Raychaudhuri,Anuj Pandit,6,3,0,3,3,1,2,0,0,4,2
2,31,7,Anuj Pandit,Sumit Raychaudhuri,12,3,2,7,7,2,5,0,0,5,7
2,31,8,Sumit Raychaudhuri,Anuj Pandit,8,2,0,6,6,1,5,0,0,3,5
2,31,9,Anuj Pandit,Sumit Raychaudhuri,4,0,1,3,3,0,3,1,0,0,4
2,26,1,Shubham Hazra,Kamal Agarwal,6,3,1,2,2,1,1,0,0,4,2
2,26,2,Kamal Agarwal,Shubham Hazra,5,1,0,4,4,3,1,0,0,4,1
2,26,3,Shubham Hazra,Kamal Agarwal,5,3,1,1,1,1,0,0,1,4,1
2,26,4,Kamal Agarwal,Shubham Hazra,5,3,1,1,1,1,0,0,1,4,1
2,26,5,Shubham Hazra,Kamal Agarwal,4,4,0,0,0,0,0,0,0,4,0
2,26,6,Kamal Agarwal,Shubham Hazra,6,1,0,5,5,3,2,2,0,4,2
2,26,7,Shubham Hazra,Kamal Agarwal,6,2,0,4,4,2,2,2,1,4,2
2,26,8,Kamal Agarwal,Shubham Hazra,6,2,1,3,3,2,1,0,0,4,2
2,26,9,Shubham Hazra,Kamal Agarwal,6,2,2,2,2,0,2,1,0,2,4
2,26,10,Kamal Agarwal,Shubham Hazra,4,0,0,4,4,0,4,0,0,0,4
2,26,11,Shubham Hazra,Kamal Agarwal,6,4,1,1,1,0,1,1,0,4,2
2,26,12,Kamal Agarwal,Shubham Hazra,12,4,1,7,7,3,4,2,2,7,5
2,26,13,Shubham Hazra,Kamal Agarwal,4,3,0,1,1,1,0,0,0,4,0
2,26,14,Kamal Agarwal,Shubham Hazra,4,1,2,1,1,0,1,0,0,1,3
2,39,1,Mohit Kumar,Vivaan Chandra,5,4,1,0,0,0,0,0,0,4,1
2,39,2,Vivaan Chandra,Mohit Kumar,5,0,2,3,3,1,2,0,0,1,4
2,39,3,Mohit Kumar,Vivaan Chandra,6,4,2,0,0,0,0,0,0,4,2
2,39,4,Vivaan Chandra,Mohit Kumar,5,1,2,2,2,0,2,2,0,1,4
2,39,5,Mohit Kumar,Vivaan Chandra,8,5,3,0,0,0,0,0,0,5,3
2,39,6,Vivaan Chandra,Mohit Kumar,8,2,1,5,5,1,4,0,0,3,5
1,2,1,Rishav Kacholia,Shekhar Das,10,3,5,2,2,1,1,0,0,4,6
1,2,2,Shekhar Das,Rishav Kacholia,6,3,1,2,2,1,1,1,0,4,2
1,2,3,Rishav Kacholia,Shekhar Das,6,3,1,2,2,1,1,0,0,4,2
1,2,4,Shekhar Das,Rishav Kacholia,6,2,3,1,1,0,1,0,0,2,4
1,2,5,Rishav Kacholia,Shekhar Das,6,4,1,1,1,0,1,0,0,4,2
1,2,6,Shekhar Das,Rishav Kacholia,10,3,6,1,1,1,0,0,0,4,6
1,2,7,Rishav Kacholia,Shekhar Das,14,3,5,6,6,3,3,0,0,6,8
1,2,8,Shekhar Das,Rishav Kacholia,10,3,4,3,3,3,0,0,0,6,4
1,2,9,Rishav Kacholia,Shekhar Das,6,2,1,3,3,2,1,0,0,4,2
1,2,10,Shekhar Das,Rishav Kacholia,6,3,1,2,2,1,1,1,0,4,2
1,2,11,Rishav Kacholia,Shekhar Das,10,4,4,2,2,2,0,0,0,6,4
1,2,12,Shekhar Das,Rishav Kacholia,10,3,6,1,1,1,0,0,0,4,6
2,30,1,Vikrant Chopra,Debasis Kundu,5,2,0,3,3,2,1,0,0,4,1
2,30,2,Debasis Kundu,Vikrant Chopra,6,2,3,1,1,0,1,1,0,2,4
2,30,3,Vikrant Chopra,Debasis Kundu,6,2,0,4,4,2,2,0,0,4,2
2,30,4,Debasis Kundu,Vikrant Chopra,5,0,2,3,3,1,2,0,0,1,4
2,30,5,Vikrant Chopra,Debasis Kundu,5,2,0,3,3,2,1,0,0,4,1
2,30,6,Debasis Kundu,Vikrant Chopra,5,1,1,3,3,0,3,2,0,1,4
2,44,1,Sudipta Chattoraj,Subhadip Chakraborty,8,3,3,2,2,0,2,2,0,3,5
2,44,2,Subhadip Chakraborty,Sudipta Chattoraj,6,3,0,3,3,1,2,0,0,4,2
2,44,3,Sudipta Chattoraj,Subhadip Chakraborty,5,1,1,3,3,0,3,1,0,1,4
2,44,4,Subhadip Chakraborty,Sudipta Chattoraj,8,1,1,6,6,2,4,1,0,3,5
2,44,5,Sudipta Chattoraj,Subhadip Chakraborty,4,0,3,1,1,0,1,0,0,0,4
2,44,6,Subhadip Chakraborty,Sudipta Chattoraj,5,2,1,2,2,2,0,0,0,4,1
2,44,7,Sudipta Chattoraj,Subhadip Chakraborty,4,0,4,0,0,0,0,0,0,0,4
2,32,1,Jit Narayan De,Shlok Mitra,6,1,2,3,3,1,2,0,0,2,4
2,32,2,Shlok Mitra,Jit Narayan De,18,5,3,10,10,3,7,1,1,8,10
2,32,3,Jit Narayan De,Shlok Mitra,5,4,1,0,0,0,0,0,0,4,1
2,32,4,Shlok Mitra,Jit Narayan De,6,0,3,3,3,2,1,0,0,2,4
2,32,5,Jit Narayan De,Shlok Mitra,5,1,0,4,4,3,1,1,0,4,1
2,32,6,Shlok Mitra,Jit Narayan De,5,1,1,3,3,0,3,1,0,1,4
2,32,7,Jit Narayan De,Shlok Mitra,5,2,1,2,2,2,0,0,0,4,1
2,24,1,Akhilesh Verma,Sourav Ghosh,4,2,0,2,2,2,0,0,0,4,0
2,24,2,Sourav Ghosh,Akhilesh Verma,6,0,0,6,6,2,4,1,0,2,4
2,24,3,Akhilesh Verma,Sourav Ghosh,10,3,1,6,6,3,3,0,0,6,4
2,24,4,Sourav Ghosh,Akhilesh Verma,16,5,3,8,8,4,4,0,0,9,7
2,24,5,Akhilesh Verma,Sourav Ghosh,6,3,0,3,3,1,2,1,0,4,2
2,24,6,Sourav Ghosh,Akhilesh Verma,6,2,2,2,2,2,0,0,0,4,2
2,24,7,Akhilesh Verma,Sourav Ghosh,5,2,0,3,3,2,1,0,0,4,1
2,24,8,Sourav Ghosh,Akhilesh Verma,5,2,1,2,2,2,0,0,0,4,1
2,24,9,Akhilesh Verma,Sourav Ghosh,12,4,0,8,8,3,5,0,0,7,5
2,29,1,Dr. Niraj Priyadarshi,Sneh Mitra,4,2,0,2,2,2,0,0,0,4,0
2,29,2,Sneh Mitra,Dr. Niraj Priyadarshi,4,0,0,4,4,4,0,0,0,4,0
2,29,3,Dr. Niraj Priyadarshi,Sneh Mitra,5,1,4,0,0,0,0,0,0,1,4
2,29,4,Sneh Mitra,Dr. Niraj Priyadarshi,6,3,1,2,2,1,1,0,0,4,2
2,29,5,Dr. Niraj Priyadarshi,Sneh Mitra,8,5,2,1,1,0,1,0,0,5,3
2,29,6,Sneh Mitra,Dr. Niraj Priyadarshi,6,2,3,1,1,0,1,0,0,2,4
2,29,7,Dr. Niraj Priyadarshi,Sneh Mitra,5,1,2,2,2,0,2,0,0,1,4
2,29,8,Sneh Mitra,Dr. Niraj Priyadarshi,6,1,3,2,2,1,1,0,0,2,4
2,29,9,Dr. Niraj Priyadarshi,Sneh Mitra,6,2,3,1,1,0,1,0,0,2,4
2,29,10,Sneh Mitra,Dr. Niraj Priyadarshi,4,3,0,1,1,1,0,0,0,4,0
2,41,1,Sagir Gogoi,Sandip Kundu,6,1,1,4,4,1,3,0,0,2,4
2,41,2,Sandip Kundu,Sagir Gogoi,6,0,0,6,6,2,4,0,0,2,4
2,41,3,Sagir Gogoi,Sandip Kundu,6,2,0,4,4,2,2,0,1,4,2
2,41,4,Sandip Kundu,Sagir Gogoi,6,0,1,5,5,2,3,1,0,2,4
2,41,5,Sagir Gogoi,Sandip Kundu,10,3,1,6,6,3,3,0,1,6,4
2,41,6,Sandip Kundu,Sagir Gogoi,12,4,4,4,4,1,3,0,0,5,7
2,41,7,Sagir Gogoi,Sandip Kundu,4,0,0,4,4,0,4,1,0,0,4
2,41,8,Sandip Kundu,Sagir Gogoi,8,4,2,2,2,1,1,1,0,5,3
2,41,9,Sagir Gogoi,Sandip Kundu,6,1,0,5,5,1,4,0,0,2,4
2,41,10,Sandip Kundu,Sagir Gogoi,4,0,3,1,1,0,1,1,0,0,4
2,43,1,Arka Sinha,Tanmay Saha,5,0,1,4,4,1,3,1,0,1,4
2,43,2,Tanmay Saha,Arka Sinha,8,2,4,2,2,1,1,0,0,3,5
2,43,3,Arka Sinha,Tanmay Saha,5,1,0,4,4,3,1,0,1,4,1
2,43,4,Tanmay Saha,Arka Sinha,8,5,1,2,2,0,2,2,0,5,3
2,43,5,Arka Sinha,Tanmay Saha,6,0,1,5,5,4,1,0,0,4,2
2,43,6,Tanmay Saha,Arka Sinha,5,1,1,3,3,3,0,0,0,4,1
2,43,7,Arka Sinha,Tanmay Saha,6,1,2,3,3,1,2,1,0,2,4
2,43,8,Tanmay Saha,Arka Sinha,5,0,1,4,4,1,3,2,0,1,4
2,43,9,Arka Sinha,Tanmay Saha,6,1,2,3,3,1,2,0,1,2,4
2,43,10,Tanmay Saha,Arka Sinha,6,3,0,3,3,1,2,2,0,4,2
2,36,1,Neelabh Neeraj,Tarun Sharma,6,2,3,1,1,0,1,0,0,2,4
2,36,2,Tarun Sharma,Neelabh Neeraj,5,3,1,1,1,1,0,0,0,4,1
2,36,3,Neelabh Neeraj,Tarun Sharma,8,4,1,3,3,1,2,1,0,5,3
2,36,4,Tarun Sharma,Neelabh Neeraj,5,4,1,0,0,0,0,0,0,4,1
2,36,5,Neelabh Neeraj,Tarun Sharma,6,2,2,2,2,0,2,1,0,2,4
2,36,6,Tarun Sharma,Neelabh Neeraj,6,4,1,1,1,0,1,0,0,4,2
2,36,7,Neelabh Neeraj,Tarun Sharma,6,3,1,2,2,1,1,0,0,4,2
2,36,8,Tarun Sharma,Neelabh Neeraj,6,4,2,0,0,0,0,0,0,4,2
2,35,1,Samarth Gupta,Atulya Priyadarshi,4,0,3,1,1,0,1,1,0,0,4
2,35,2,Atulya Priyadarshi,Samarth Gupta,6,2,1,3,3,2,1,0,0,4,2
2,35,3,Samarth Gupta,Atulya Priyadarshi,5,1,1,3,3,0,3,0,0,1,4
2,35,4,Atulya Priyadarshi,Samarth Gupta,8,4,1,3,3,1,2,1,0,5,3
2,35,5,Samarth Gupta,Atulya Priyadarshi,6,1,2,3,3,1,2,1,0,2,4
2,35,6,Atulya Priyadarshi,Samarth Gupta,6,2,3,1,1,0,1,1,0,2,4
2,35,7,Samarth Gupta,Atulya Priyadarshi,8,2,4,2,2,1,1,1,0,3,5
2,38,1,Vipul Gupta,Shekhar Das,4,0,2,2,2,0,2,0,0,0,4
2,38,2,Shekhar Das,Vipul Gupta,4,2,0,2,2,2,0,0,0,4,0
2,38,3,Vipul Gupta,Shekhar Das,8,2,0,6,6,3,3,1,2,5,3
2,38,4,Shekhar Das,Vipul Gupta,4,3,0,1,1,1,0,0,0,4,0
2,38,5,Vipul Gupta,Shekhar Das,6,3,0,3,3,1,2,1,0,4,2
2,38,6,Shekhar Das,Vipul Gupta,5,3,1,1,1,1,0,0,0,4,1
2,38,7,Vipul Gupta,Shekhar Das,5,0,1,4,4,1,3,1,0,1,4
2,38,8,Shekhar Das,Vipul Gupta,5,4,1,0,0,0,0,0,0,4,1
3,53,1,Sourav Ghosh,Arin Neogi,6,0,2,4,4,2,2,0,0,2,4
3,53,2,Arin Neogi,Sourav Ghosh,8,1,1,6,6,2,4,0,0,3,5
3,53,3,Sourav Ghosh,Arin Neogi,5,2,0,3,3,2,1,0,0,4,1
3,53,4,Arin Neogi,Sourav Ghosh,5,3,0,2,2,1,1,0,1,4,1
3,53,5,Sourav Ghosh,Arin Neogi,5,4,1,0,0,0,0,0,0,4,1
3,53,6,Arin Neogi,Sourav Ghosh,5,1,0,4,4,0,4,0,0,1,4
3,53,7,Sourav Ghosh,Arin Neogi,10,1,1,8,8,3,5,0,0,4,6
3,53,8,Arin Neogi,Sourav Ghosh,8,3,1,4,4,2,2,1,0,5,3
3,53,9,Sourav Ghosh,Arin Neogi,5,1,1,3,3,0,3,0,0,1,4
3,53,10,Arin Neogi,Sourav Ghosh,8,3,0,5,5,2,3,1,1,5,3
2,34,1,Ishmeet,Abhishek Kumar,10,3,1,6,6,3,3,2,0,6,4
2,34,2,Abhishek Kumar,Ishmeet,8,2,0,6,6,1,5,0,0,3,5
2,34,3,Ishmeet,Abhishek Kumar,5,0,0,5,5,1,4,1,0,1,4
2,34,4,Abhishek Kumar,Ishmeet,5,1,2,2,2,0,2,0,0,1,4
2,34,5,Ishmeet,Abhishek Kumar,6,0,0,6,6,2,4,2,0,2,4
2,34,6,Abhishek Kumar,Ishmeet,5,1,0,4,4,0,4,0,0,1,4
2,34,7,Ishmeet,Abhishek Kumar,4,0,0,4,4,0,4,1,0,0,4
2,34,8,Abhishek Kumar,Ishmeet,8,0,2,6,6,3,3,0,0,3,5
2,34,9,Ishmeet,Abhishek Kumar,12,3,1,8,8,2,6,3,0,5,7
2,34,10,Abhishek Kumar,Ishmeet,4,3,0,1,1,1,0,0,0,4,0
2,34,11,Ishmeet,Abhishek Kumar,6,4,0,2,2,0,2,0,0,4,2
2,34,12,Abhishek Kumar,Ishmeet,5,1,0,4,4,3,1,0,0,4,1
2,34,13,Ishmeet,Abhishek Kumar,6,3,2,1,1,1,0,0,0,4,2
2,34,14,Abhishek Kumar,Ishmeet,6,2,2,2,2,1,1,0,0,3,3
3,56,1,Mohit Kumar,Sanjib Mahanta,5,1,0,4,4,3,1,0,1,4,1
3,56,2,Sanjib Mahanta,Mohit Kumar,5,0,0,5,5,1,4,0,0,1,4
3,56,3,Mohit Kumar,Sanjib Mahanta,5,4,1,0,0,0,0,0,0,4,1
3,56,4,Sanjib Mahanta,Mohit Kumar,8,1,1,6,6,2,4,0,0,3,5
3,56,5,Mohit Kumar,Sanjib Mahanta,6,4,2,0,0,0,0,0,0,4,2
3,56,6,Sanjib Mahanta,Mohit Kumar,4,0,3,1,1,0,1,0,0,0,4
3,62,1,Jit Narayan De,Sumit Raychaudhuri,12,5,4,3,3,2,1,1,1,7,5
3,62,2,Sumit Raychaudhuri,Jit Narayan De,8,2,2,4,4,1,3,0,0,3,5
3,62,3,Jit Narayan De,Sumit Raychaudhuri,6,2,2,2,2,0,2,0,0,2,4
3,62,4,Sumit Raychaudhuri,Jit Narayan De,8,2,2,4,4,1,3,0,0,3,5
3,62,5,Jit Narayan De,Sumit Raychaudhuri,8,3,3,2,2,0,2,0,0,3,5
3,62,6,Sumit Raychaudhuri,Jit Narayan De,5,1,1,3,3,0,3,0,0,1,4
3,62,7,Jit Narayan De,Sumit Raychaudhuri,6,1,2,3,3,1,2,0,0,2,4
3,62,8,Sumit Raychaudhuri,Jit Narayan De,6,1,0,5,5,1,4,0,0,2,4
3,62,9,Jit Narayan De,Sumit Raychaudhuri,6,2,3,1,1,0,1,0,0,2,4
3,62,10,Sumit Raychaudhuri,Jit Narayan De,14,4,1,9,9,4,5,0,1,8,6
3,62,11,Jit Narayan De,Sumit Raychaudhuri,6,2,2,2,2,2,0,0,0,4,2
3,62,12,Sumit Raychaudhuri,Jit Narayan De,4,0,2,2,2,0,2,0,0,0,4
3,59,1,Subhadip Chakraborty,Ishmeet,5,3,0,2,2,1,1,1,0,4,1
3,59,2,Ishmeet,Subhadip Chakraborty,6,1,1,4,4,3,1,1,0,4,2
3,59,3,Subhadip Chakraborty,Ishmeet,6,1,2,3,3,1,2,1,0,2,4
3,59,4,Ishmeet,Subhadip Chakraborty,5,2,1,2,2,2,0,0,0,4,1
3,59,5,Subhadip Chakraborty,Ishmeet,5,0,3,2,2,1,1,0,0,1,4
3,59,6,Ishmeet,Subhadip Chakraborty,8,2,3,3,3,3,0,0,0,5,3
3,59,7,Subhadip Chakraborty,Ishmeet,5,3,1,1,1,1,0,0,0,4,1
3,59,8,Ishmeet,Subhadip Chakraborty,6,4,2,0,0,0,0,0,0,4,2
2,37,1,Amik Parua,Avijit Paul,5,3,1,1,1,1,0,0,1,4,1
2,37,2,Avijit Paul,Amik Parua,5,1,3,1,1,0,1,0,0,1,4
2,37,3,Amik Parua,Avijit Paul,16,4,1,11,11,5,6,0,0,9,7
2,37,4,Avijit Paul,Amik Parua,6,3,1,2,2,1,1,0,0,4,2
2,37,5,Amik Parua,Avijit Paul,5,1,0,4,4,3,1,0,0,4,1
2,37,6,Avijit Paul,Amik Parua,6,2,0,4,4,0,4,2,0,2,4
2,37,7,Amik Parua,Avijit Paul,8,2,0,6,6,3,3,0,0,5,3
3,65,1,Akhilesh Verma,Dipanjan Mitra,14,4,3,7,7,4,3,2,0,8,6
3,65,2,Dipanjan Mitra,Akhilesh Verma,6,3,2,1,1,1,0,0,0,4,2
3,65,3,Akhilesh Verma,Dipanjan Mitra,8,1,2,5,5,2,3,0,0,3,5
3,65,4,Dipanjan Mitra,Akhilesh Verma,8,3,2,3,3,2,1,0,0,5,3
3,65,5,Akhilesh Verma,Dipanjan Mitra,5,4,1,0,0,0,0,0,0,4,1
3,65,6,Dipanjan Mitra,Akhilesh Verma,5,2,1,2,2,2,0,0,0,4,1
3,65,7,Akhilesh Verma,Dipanjan Mitra,6,1,0,5,5,1,4,0,1,2,4
3,65,8,Dipanjan Mitra,Akhilesh Verma,4,0,0,4,4,4,0,0,0,4,0
2,33,1,CKP,Rishav Kacholia,14,3,1,10,10,5,5,0,0,8,6
2,33,2,Rishav Kacholia,CKP,6,1,1,4,4,1,3,0,0,2,4
2,33,3,CKP,Rishav Kacholia,4,1,0,3,3,3,0,0,0,4,0
2,33,4,Rishav Kacholia,CKP,18,6,6,6,6,4,2,0,1,10,8
2,33,5,CKP,Rishav Kacholia,6,0,0,6,6,4,2,0,0,4,2
2,33,6,Rishav Kacholia,CKP,5,3,0,2,2,1,1,0,0,4,1
2,33,7,CKP,Rishav Kacholia,4,1,0,3,3,3,0,0,0,4,0
2,33,8,Rishav Kacholia,CKP,10,3,3,4,4,1,3,0,0,4,6
3,64,1,Vikrant Chopra,Sneh Mitra,6,2,2,2,2,0,2,2,0,2,4
3,64,2,Sneh Mitra,Vikrant Chopra,6,4,2,0,0,0,0,0,0,4,2
3,64,3,Vikrant Chopra,Sneh Mitra,8,1,4,3,3,2,1,0,0,3,5
3,64,4,Sneh Mitra,Vikrant Chopra,8,3,3,2,2,0,2,0,0,3,5
3,64,5,Vikrant Chopra,Sneh Mitra,4,1,0,3,3,3,0,0,0,4,0
3,64,6,Sneh Mitra,Vikrant Chopra,6,3,2,1,1,1,0,0,0,4,2
3,64,7,Vikrant Chopra,Sneh Mitra,6,1,1,4,4,1,3,0,0,2,4
3,64,8,Sneh Mitra,Vikrant Chopra,14,6,3,5,5,2,3,2,0,8,6
3,45,1,Agniswar Chatterjee,Sandip Kundu,6,2,3,1,1,0,1,1,0,2,4
3,45,2,Sandip Kundu,Agniswar Chatterjee,5,1,1,3,3,3,0,0,0,4,1
3,45,3,Agniswar Chatterjee,Sandip Kundu,6,4,0,2,2,0,2,2,0,4,2
3,45,4,Sandip Kundu,Agniswar Chatterjee,5,3,0,2,2,1,1,0,0,4,1
3,45,5,Agniswar Chatterjee,Sandip Kundu,6,2,2,2,2,2,0,0,0,4,2
3,45,6,Sandip Kundu,Agniswar Chatterjee,6,2,2,2,2,2,0,0,0,4,2
3,45,7,Agniswar Chatterjee,Sandip Kundu,5,0,2,3,3,1,2,0,0,1,4
3,45,8,Sandip Kundu,Agniswar Chatterjee,4,3,0,1,1,1,0,0,0,4,0
3,61,1,Prakash Panda,Vivek Karmakar,6,0,3,3,3,2,1,0,0,2,4
3,61,2,Vivek Karmakar,Prakash Panda,6,3,0,3,3,1,2,0,0,4,2
3,61,3,Prakash Panda,Vivek Karmakar,5,1,0,4,4,3,1,1,0,4,1
3,61,4,Vivek Karmakar,Prakash Panda,4,0,0,4,4,4,0,0,1,4,0
3,61,5,Prakash Panda,Vivek Karmakar,5,1,1,3,3,3,0,0,0,4,1
3,61,6,Vivek Karmakar,Prakash Panda,14,3,3,8,8,5,3,2,0,8,6
3,61,7,Prakash Panda,Vivek Karmakar,4,0,0,4,4,0,4,0,0,0,4
3,61,8,Vivek Karmakar,Prakash Panda,5,3,0,2,2,1,1,1,0,4,1
3,58,1,Amik Parua,Satyabrata Mishra,6,3,0,3,3,1,2,1,1,4,2
3,58,2,Satyabrata Mishra,Amik Parua,6,4,0,2,2,0,2,2,0,4,2
3,58,3,Amik Parua,Satyabrata Mishra,5,0,1,4,4,1,3,0,0,1,4
3,58,4,Satyabrata Mishra,Amik Parua,5,1,0,4,4,0,4,0,0,1,4
3,58,5,Amik Parua,Satyabrata Mishra,6,3,1,2,2,1,1,0,1,4,2
3,58,6,Satyabrata Mishra,Amik Parua,6,3,1,2,2,1,1,1,0,4,2
3,58,7,Amik Parua,Satyabrata Mishra,4,0,1,3,3,0,3,1,0,0,4
3,58,8,Satyabrata Mishra,Amik Parua,5,2,0,3,3,2,1,0,0,4,1
3,58,9,Amik Parua,Satyabrata Mishra,10,3,4,3,3,1,2,0,0,4,6
3,57,1,Ajit Bikram,Dr. Niraj Priyadarshi,6,2,1,3,3,0,3,1,0,2,4
3,57,2,Dr. Niraj Priyadarshi,Ajit Bikram,6,2,3,1,1,0,1,0,0,2,4
3,57,3,Ajit Bikram,Dr. Niraj Priyadarshi,6,3,1,2,2,1,1,0,0,4,2
3,57,4,Dr. Niraj Priyadarshi,Ajit Bikram,10,6,4,0,0,0,0,0,0,6,4
3,57,5,Ajit Bikram,Dr. Niraj Priyadarshi,5,2,1,2,2,2,0,0,0,4,1
3,57,6,Dr. Niraj Priyadarshi,Ajit Bikram,6,4,2,0,0,0,0,0,0,4,2
3,57,7,Ajit Bikram,Dr. Niraj Priyadarshi,4,0,2,2,2,0,2,0,0,0,4
3,57,8,Dr. Niraj Priyadarshi,Ajit Bikram,20,9,7,4,4,2,2,0,0,11,9
3,57,9,Ajit Bikram,Dr. Niraj Priyadarshi,4,2,0,2,2,2,0,0,0,4,0
3,57,10,Dr. Niraj Priyadarshi,Ajit Bikram,5,1,4,0,0,0,0,0,0,1,4
3,57,11,Ajit Bikram,Dr. Niraj Priyadarshi,4,1,0,3,3,3,0,0,0,4,0
3,57,12,Dr. Niraj Priyadarshi,Ajit Bikram,8,3,4,1,1,0,1,0,0,3,5
3,55,1,Anuj Pandit,Tarun Sharma,8,2,0,6,6,1,5,0,0,3,5
3,55,2,Tarun Sharma,Anuj Pandit,8,2,4,2,2,1,1,1,0,3,5
3,55,3,Anuj Pandit,Tarun Sharma,5,2,0,3,3,2,1,0,0,4,1
3,55,4,Tarun Sharma,Anuj Pandit,12,5,6,1,1,0,1,0,0,5,7
3,55,5,Anuj Pandit,Tarun Sharma,4,0,0,4,4,4,0,0,0,4,0
3,55,6,Tarun Sharma,Anuj Pandit,8,3,3,2,2,0,2,0,0,3,5
3,55,7,Anuj Pandit,Tarun Sharma,6,1,1,4,4,1,3,0,0,2,4
3,55,8,Tarun Sharma,Anuj Pandit,6,2,2,2,2,2,0,0,0,4,2
3,55,9,Anuj Pandit,Tarun Sharma,5,2,0,3,3,2,1,0,0,4,1
3,60,1,Tanmay Saha,Sagir Gogoi,6,1,0,5,5,1,4,2,0,2,4
3,60,2,Sagir Gogoi,Tanmay Saha,10,3,1,6,6,3,3,0,1,6,4
3,60,3,Tanmay Saha,Sagir Gogoi,10,4,2,4,4,2,2,0,0,6,4
3,60,4,Sagir Gogoi,Tanmay Saha,12,3,2,7,7,4,3,0,1,7,5
3,60,5,Tanmay Saha,Sagir Gogoi,4,0,0,4,4,0,4,2,0,0,4
3,60,6,Sagir Gogoi,Tanmay Saha,6,2,1,3,3,0,3,0,0,2,4
3,60,7,Tanmay Saha,Sagir Gogoi,8,3,2,3,3,2,1,0,0,5,3
3,60,8,Sagir Gogoi,Tanmay Saha,5,0,1,4,4,1,3,0,0,1,4
3,60,9,Tanmay Saha,Sagir Gogoi,5,0,1,4,4,1,3,2,0,1,4
3,60,10,Sagir Gogoi,Tanmay Saha,5,1,2,2,2,0,2,0,0,1,4
3,60,11,Tanmay Saha,Sagir Gogoi,5,2,0,3,3,2,1,1,1,4,1
3,60,12,Sagir Gogoi,Tanmay Saha,4,1,0,3,3,3,0,0,0,4,0
3,60,13,Tanmay Saha,Sagir Gogoi,5,2,2,1,1,0,1,0,0,2,3
3,60,14,Sagir Gogoi,Tanmay Saha,6,3,0,3,3,1,2,0,1,4,2
3,48,1,Vipul Gupta,Neelabh Neeraj,8,5,2,1,1,0,1,0,1,5,3
3,48,2,Neelabh Neeraj,Vipul Gupta,6,1,0,5,5,3,2,0,0,4,2
3,48,3,Vipul Gupta,Neelabh Neeraj,4,0,2,2,2,0,2,0,0,0,4
3,48,4,Neelabh Neeraj,Vipul Gupta,5,3,0,2,2,1,1,1,0,4,1
3,48,5,Vipul Gupta,Neelabh Neeraj,6,1,2,3,3,1,2,1,0,2,4
3,48,6,Neelabh Neeraj,Vipul Gupta,6,2,3,1,1,0,1,1,0,2,4
3,48,7,Vipul Gupta,Neelabh Neeraj,4,0,2,2,2,0,2,1,0,0,4
3,48,8,Neelabh Neeraj,Vipul Gupta,5,2,1,2,2,2,0,0,0,4,1
3,51,1,Shlok Mitra,Atulya Priyadarshi,4,2,0,2,2,2,0,0,0,4,0
3,51,2,Atulya Priyadarshi,Shlok Mitra,5,3,0,2,2,1,1,1,0,4,1
3,51,3,Shlok Mitra,Atulya Priyadarshi,5,0,0,5,5,4,1,0,0,4,1
3,51,4,Atulya Priyadarshi,Shlok Mitra,5,1,0,4,4,3,1,0,1,4,1
3,51,5,Shlok Mitra,Atulya Priyadarshi,12,3,4,5,5,2,3,0,0,5,7
3,51,6,Atulya Priyadarshi,Shlok Mitra,5,1,0,4,4,0,4,2,0,1,4
3,51,7,Shlok Mitra,Atulya Priyadarshi,6,4,1,1,1,0,1,0,0,4,2
3,51,8,Atulya Priyadarshi,Shlok Mitra,6,4,0,2,2,0,2,1,0,4,2
3,51,9,Shlok Mitra,Atulya Priyadarshi,8,3,3,2,2,2,0,0,0,5,3
3,51,10,Atulya Priyadarshi,Shlok Mitra,6,3,1,2,2,1,1,0,0,4,2
3,51,11,Shlok Mitra,Atulya Priyadarshi,4,0,3,1,1,0,1,1,0,0,4
3,51,12,Atulya Priyadarshi,Shlok Mitra,8,4,3,1,1,1,0,0,0,5,3
4,85,1,Arka Sinha,Prakash Panda,5,2,0,3,3,2,1,0,1,4,1
4,85,2,Prakash Panda,Arka Sinha,5,0,0,5,5,1,4,1,0,1,4
4,85,3,Arka Sinha,Prakash Panda,10,3,0,7,7,1,6,1,0,4,6
4,85,4,Prakash Panda,Arka Sinha,5,0,0,5,5,4,1,0,0,4,1
4,85,5,Arka Sinha,Prakash Panda,4,0,1,3,3,0,3,2,0,0,4
4,85,6,Prakash Panda,Arka Sinha,5,1,0,4,4,3,1,0,0,4,1
4,85,7,Arka Sinha,Prakash Panda,6,2,1,3,3,0,3,0,0,2,4
4,85,8,Prakash Panda,Arka Sinha,8,2,0,6,6,3,3,1,0,5,3
4,68,1,Jit Narayan De,Vivek Karmakar,8,5,1,2,2,0,2,0,0,5,3
4,68,2,Vivek Karmakar,Jit Narayan De,8,2,2,4,4,3,1,0,0,5,3
4,68,3,Jit Narayan De,Vivek Karmakar,8,2,1,5,5,3,2,0,0,5,3
4,68,4,Vivek Karmakar,Jit Narayan De,5,1,2,2,2,0,2,0,0,1,4
4,68,5,Jit Narayan De,Vivek Karmakar,4,3,0,1,1,1,0,0,0,4,0
4,68,6,Vivek Karmakar,Jit Narayan De,6,1,1,4,4,1,3,0,0,2,4
4,68,7,Jit Narayan De,Vivek Karmakar,4,4,0,0,0,0,0,0,0,4,0
4,73,1,Ishmeet,Vikrant Chopra,6,2,0,4,4,2,2,0,0,4,2
4,73,2,Vikrant Chopra,Ishmeet,6,4,0,2,2,0,2,0,0,4,2
4,73,3,Ishmeet,Vikrant Chopra,6,2,1,3,3,2,1,0,0,4,2
4,73,4,Vikrant Chopra,Ishmeet,6,0,0,6,6,4,2,2,0,4,2
4,73,5,Ishmeet,Vikrant Chopra,5,1,0,4,4,3,1,0,0,4,1
4,73,6,Vikrant Chopra,Ishmeet,6,2,1,3,3,2,1,0,0,4,2
4,73,7,Ishmeet,Vikrant Chopra,6,1,0,5,5,1,4,3,0,2,4
4,73,8,Vikrant Chopra,Ishmeet,4,0,3,1,1,0,1,0,0,0,4
4,73,9,Ishmeet,Vikrant Chopra,5,0,2,3,3,1,2,0,0,1,4
4,73,10,Vikrant Chopra,Ishmeet,4,0,3,1,1,0,1,1,0,0,4
4,73,11,Ishmeet,Vikrant Chopra,4,0,1,3,3,0,3,0,0,0,4
4,73,12,Vikrant Chopra,Ishmeet,4,4,0,0,0,0,0,0,0,4,0
3,66,1,Sanjoy Saha,Vineet Gupta,6,2,1,3,3,2,1,0,0,4,2
3,66,2,Vineet Gupta,Sanjoy Saha,6,2,1,3,3,2,1,1,0,4,2
3,66,3,Sanjoy Saha,Vineet Gupta,6,4,2,0,0,0,0,0,0,4,2
3,66,4,Vineet Gupta,Sanjoy Saha,8,4,1,3,3,1,2,1,0,5,3
3,66,5,Sanjoy Saha,Vineet Gupta,8,5,2,1,1,0,1,0,0,5,3
3,66,6,Vineet Gupta,Sanjoy Saha,6,2,0,4,4,2,2,1,0,4,2
3,66,7,Sanjoy Saha,Vineet Gupta,10,6,4,0,0,0,0,0,0,6,4
3,66,8,Vineet Gupta,Sanjoy Saha,6,2,1,3,3,2,1,1,0,4,2
3,66,9,Sanjoy Saha,Vineet Gupta,5,1,3,1,1,0,1,0,0,1,4
3,66,10,Vineet Gupta,Sanjoy Saha,6,2,1,3,3,0,3,1,1,2,4
3,66,11,Sanjoy Saha,Vineet Gupta,5,1,2,2,2,0,2,0,0,1,4
3,66,12,Vineet Gupta,Sanjoy Saha,5,3,0,2,2,1,1,0,0,4,1
2,40,1,Sisir Biswas,Saikat Maity,5,1,3,1,1,0,1,0,0,1,4
2,40,2,Saikat Maity,Sisir Biswas,5,3,0,2,2,1,1,0,0,4,1
2,40,3,Sisir Biswas,Saikat Maity,6,1,2,3,3,1,2,0,0,2,4
3,52,1,Saikat Maity,Shekhar Das,6,1,0,5,5,1,4,0,0,2,4
3,52,2,Shekhar Das,Saikat Maity,8,5,2,1,1,0,1,0,0,5,3
3,52,3,Saikat Maity,Shekhar Das,4,0,3,1,1,0,1,0,0,0,4
3,52,4,Shekhar Das,Saikat Maity,6,3,1,2,2,1,1,0,0,4,2
3,52,5,Saikat Maity,Shekhar Das,5,0,2,3,3,1,2,0,0,1,4
3,52,6,Shekhar Das,Saikat Maity,4,4,0,0,0,0,0,0,0,4,0
4,82,1,Tanmay Saha,Vivaan Chandra,5,3,1,1,1,1,0,0,0,4,1
4,82,2,Vivaan Chandra,Tanmay Saha,4,0,2,2,2,0,2,2,0,0,4
4,82,3,Tanmay Saha,Vivaan Chandra,5,2,1,2,2,2,0,0,0,4,1
4,82,4,Vivaan Chandra,Tanmay Saha,6,2,0,4,4,2,2,2,0,4,2
4,82,5,Tanmay Saha,Vivaan Chandra,5,1,2,2,2,0,2,1,0,1,4
4,82,6,Vivaan Chandra,Tanmay Saha,8,0,4,4,4,3,1,1,0,3,5
4,82,7,Tanmay Saha,Vivaan Chandra,5,1,1,3,3,0,3,1,0,1,4
4,82,8,Vivaan Chandra,Tanmay Saha,6,0,3,3,3,2,1,1,0,2,4
4,82,9,Tanmay Saha,Vivaan Chandra,4,4,0,0,0,0,0,0,1,4,0
3,63,1,Shubham Hazra,CKP,4,2,0,2,2,2,0,0,0,4,0
3,63,2,CKP,Shubham Hazra,6,2,1,3,3,0,3,0,1,2,4
3,63,3,Shubham Hazra,CKP,6,3,2,1,1,1,0,0,0,4,2
3,63,4,CKP,Shubham Hazra,5,0,0,5,5,1,4,0,0,1,4
3,63,5,Shubham Hazra,CKP,6,4,0,2,2,0,2,0,0,4,2
3,63,6,CKP,Shubham Hazra,5,1,0,4,4,0,4,0,0,1,4
4,72,1,Akhilesh Verma,Anuj Pandit,8,2,1,5,5,3,2,0,0,5,3
4,72,2,Anuj Pandit,Akhilesh Verma,4,0,2,2,2,0,2,0,0,0,4
4,72,3,Akhilesh Verma,Anuj Pandit,4,3,0,1,1,1,0,0,0,4,0
4,72,4,Anuj Pandit,Akhilesh Verma,8,1,3,4,4,2,2,1,0,3,5
4,72,5,Akhilesh Verma,Anuj Pandit,6,1,0,5,5,3,2,1,0,4,2
4,72,6,Anuj Pandit,Akhilesh Verma,8,4,2,2,2,1,1,1,0,5,3
4,72,7,Akhilesh Verma,Anuj Pandit,5,1,4,0,0,0,0,0,0,1,4
4,72,8,Anuj Pandit,Akhilesh Verma,10,4,4,2,2,0,2,0,0,4,6
4,88,1,Vipul Gupta,Agniswar Chatterjee,6,0,1,5,5,2,3,0,0,2,4
4,88,2,Agniswar Chatterjee,Vipul Gupta,6,1,2,3,3,3,0,0,0,4,2
4,88,3,Vipul Gupta,Agniswar Chatterjee,8,2,4,2,2,1,1,0,0,3,5
4,88,4,Agniswar Chatterjee,Vipul Gupta,8,2,2,4,4,3,1,0,0,5,3
4,88,5,Vipul Gupta,Agniswar Chatterjee,5,1,0,4,4,3,1,0,0,4,1
4,88,6,Agniswar Chatterjee,Vipul Gupta,10,3,3,4,4,1,3,1,0,4,6
4,88,7,Vipul Gupta,Agniswar Chatterjee,10,3,2,5,5,3,2,2,0,6,4
4,88,8,Agniswar Chatterjee,Vipul Gupta,5,2,1,2,2,2,0,0,0,4,1
4,88,9,Vipul Gupta,Agniswar Chatterjee,16,4,4,8,8,3,5,0,0,7,9
4,69,1,Shubham Hazra,Sneh Mitra,6,2,3,1,1,0,1,1,0,2,4
4,69,2,Sneh Mitra,Shubham Hazra,5,1,4,0,0,0,0,0,0,1,4
4,69,3,Shubham Hazra,Sneh Mitra,4,0,0,4,4,0,4,2,0,0,4
4,69,4,Sneh Mitra,Shubham Hazra,4,0,1,3,3,0,3,1,0,0,4
4,69,5,Shubham Hazra,Sneh Mitra,10,4,2,4,4,2,2,1,0,6,4
4,69,6,Sneh Mitra,Shubham Hazra,6,1,3,2,2,1,1,0,0,2,4
4,69,7,Shubham Hazra,Sneh Mitra,10,4,1,5,5,2,3,2,0,6,4
4,69,8,Sneh Mitra,Shubham Hazra,8,2,1,5,5,3,2,1,0,5,3
4,69,9,Shubham Hazra,Sneh Mitra,5,3,0,2,2,1,1,1,0,4,1
3,46,1,Samarth Gupta,Sisir Biswas,4,3,0,1,1,1,0,0,0,4,0
3,46,2,Sisir Biswas,Samarth Gupta,4,0,1,3,3,0,3,3,0,0,4
3,46,3,Samarth Gupta,Sisir Biswas,5,1,0,4,4,3,1,1,0,4,1
3,46,4,Sisir Biswas,Samarth Gupta,4,0,0,4,4,0,4,3,0,0,4
3,46,5,Samarth Gupta,Sisir Biswas,6,1,4,1,1,1,0,0,0,2,4
3,46,6,Sisir Biswas,Samarth Gupta,4,0,0,4,4,0,4,3,0,0,4
3,46,7,Samarth Gupta,Sisir Biswas,14,5,2,7,7,3,4,3,0,8,6
4,86,1,Sisir Biswas,Sudipta Chattoraj,6,0,0,6,6,2,4,4,0,2,4
4,86,2,Sudipta Chattoraj,Sisir Biswas,4,0,0,4,4,4,0,0,0,4,0
4,86,3,Sisir Biswas,Sudipta Chattoraj,8,2,0,6,6,1,5,2,0,3,5
4,86,4,Sudipta Chattoraj,Sisir Biswas,4,4,0,0,0,0,0,0,1,4,0
4,86,5,Sisir Biswas,Sudipta Chattoraj,4,0,1,3,3,0,3,0,0,0,4
4,86,6,Sudipta Chattoraj,Sisir Biswas,4,3,0,1,1,1,0,0,2,4,0
3,54,1,Kamal Agarwal,Rishav Kacholia,6,4,0,2,2,0,2,1,1,4,2
3,54,2,Rishav Kacholia,Kamal Agarwal,6,2,1,3,3,2,1,0,0,4,2
3,54,3,Kamal Agarwal,Rishav Kacholia,8,2,1,5,5,3,2,0,0,5,3
3,54,4,Rishav Kacholia,Kamal Agarwal,6,4,1,1,1,0,1,0,0,4,2
3,54,5,Kamal Agarwal,Rishav Kacholia,5,1,1,3,3,3,0,0,0,4,1
3,54,6,Rishav Kacholia,Kamal Agarwal,5,0,3,2,2,1,1,0,0,1,4
3,54,7,Kamal Agarwal,Rishav Kacholia,6,1,1,4,4,3,1,0,1,4,2
3,54,8,Rishav Kacholia,Kamal Agarwal,8,3,2,3,3,2,1,0,0,5,3
3,54,9,Kamal Agarwal,Rishav Kacholia,6,2,3,1,1,0,1,0,0,2,4
3,54,10,Rishav Kacholia,Kamal Agarwal,5,1,2,2,2,0,2,0,0,1,4
4,83,1,Amik Parua,Dr. Niraj Priyadarshi,8,2,2,4,4,3,1,0,0,5,3
4,83,2,Dr. Niraj Priyadarshi,Amik Parua,4,0,3,1,1,0,1,0,0,0,4
4,83,3,Amik Parua,Dr. Niraj Priyadarshi,6,1,2,3,3,3,0,0,0,4,2
4,83,4,Dr. Niraj Priyadarshi,Amik Parua,6,3,2,1,1,1,0,0,0,4,2
4,83,5,Amik Parua,Dr. Niraj Priyadarshi,6,1,0,5,5,3,2,0,0,4,2
4,83,6,Dr. Niraj Priyadarshi,Amik Parua,4,0,4,0,0,0,0,0,0,0,4
4,83,7,Amik Parua,Dr. Niraj Priyadarshi,8,4,0,4,4,1,3,2,0,5,3
4,71,1,Satyabrata Mishra,Ajit Bikram,4,3,0,1,1,1,0,0,0,4,0
4,71,2,Ajit Bikram,Satyabrata Mishra,12,7,3,2,2,0,2,0,1,7,5
4,71,3,Satyabrata Mishra,Ajit Bikram,6,2,1,3,3,2,1,1,0,4,2
4,71,4,Ajit Bikram,Satyabrata Mishra,6,2,0,4,4,2,2,1,0,4,2
4,71,5,Satyabrata Mishra,Ajit Bikram,6,2,2,2,2,2,0,0,0,4,2
4,71,6,Ajit Bikram,Satyabrata Mishra,6,2,1,3,3,2,1,0,0,4,2
4,71,7,Satyabrata Mishra,Ajit Bikram,4,0,1,3,3,0,3,1,0,0,4
4,71,8,Ajit Bikram,Satyabrata Mishra,6,4,1,1,1,0,1,0,0,4,2
4,71,9,Satyabrata Mishra,Ajit Bikram,5,3,1,1,1,1,0,0,0,4,1
4,71,10,Ajit Bikram,Satyabrata Mishra,5,4,1,0,0,0,0,0,0,4,1
4,67,1,Vineet Gupta,Dipanjan Mitra,4,2,0,2,2,2,0,0,0,4,0
4,67,2,Dipanjan Mitra,Vineet Gupta,8,3,2,3,3,0,3,1,0,3,5
4,67,3,Vineet Gupta,Dipanjan Mitra,4,3,0,1,1,1,0,0,0,4,0
4,67,4,Dipanjan Mitra,Vineet Gupta,6,2,1,3,3,2,1,0,0,4,2
4,67,5,Vineet Gupta,Dipanjan Mitra,6,2,0,4,4,2,2,0,0,4,2
4,67,6,Dipanjan Mitra,Vineet Gupta,6,3,2,1,1,1,0,0,0,4,2
4,67,7,Vineet Gupta,Dipanjan Mitra,5,0,2,3,3,1,2,0,0,1,4
4,67,8,Dipanjan Mitra,Vineet Gupta,6,4,1,1,1,0,1,1,0,4,2
4,67,9,Vineet Gupta,Dipanjan Mitra,6,2,2,2,2,2,0,0,0,4,2
4,67,10,Dipanjan Mitra,Vineet Gupta,5,1,4,0,0,0,0,0,0,1,4
4,75,1,Sanjoy Saha,Arin Neogi,5,1,3,1,1,0,1,0,0,1,4
4,75,2,Arin Neogi,Sanjoy Saha,10,2,4,4,4,2,2,1,0,4,6
4,75,3,Sanjoy Saha,Arin Neogi,10,2,2,6,6,4,2,1,0,6,4
4,75,4,Arin Neogi,Sanjoy Saha,4,1,0,3,3,3,0,0,1,4,0
4,75,5,Sanjoy Saha,Arin Neogi,6,4,2,0,0,0,0,0,0,4,2
4,75,6,Arin Neogi,Sanjoy Saha,6,0,0,6,6,4,2,0,0,4,2
4,75,7,Sanjoy Saha,Arin Neogi,8,3,1,4,4,2,2,0,0,5,3
4,75,8,Arin Neogi,Sanjoy Saha,6,3,0,3,3,1,2,1,0,4,2
4,75,9,Sanjoy Saha,Arin Neogi,6,2,3,1,1,0,1,0,0,2,4
4,75,10,Arin Neogi,Sanjoy Saha,5,1,1,3,3,0,3,1,0,1,4
4,75,11,Sanjoy Saha,Arin Neogi,4,2,0,2,2,2,0,0,0,4,0
4,75,12,Arin Neogi,Sanjoy Saha,6,1,1,4,4,3,1,0,0,4,2
4,75,13,Sanjoy Saha,Arin Neogi,5,1,2,2,2,0,2,0,0,1,4
4,75,14,Arin Neogi,Sanjoy Saha,5,2,0,3,3,1,2,0,1,3,2
4,76,1,Sagir Gogoi,Atulya Priyadarshi,5,3,0,2,2,1,1,0,0,4,1
4,76,2,Atulya Priyadarshi,Sagir Gogoi,5,1,1,3,3,0,3,2,0,1,4
4,76,3,Sagir Gogoi,Atulya Priyadarshi,6,1,2,3,3,1,2,0,0,2,4
4,76,4,Atulya Priyadarshi,Sagir Gogoi,6,2,3,1,1,0,1,0,0,2,4
4,76,5,Sagir Gogoi,Atulya Priyadarshi,8,1,2,5,5,2,3,0,0,3,5
4,76,6,Atulya Priyadarshi,Sagir Gogoi,5,0,0,5,5,4,1,0,0,4,1
4,76,7,Sagir Gogoi,Atulya Priyadarshi,16,5,3,8,8,4,4,1,0,9,7
4,76,8,Atulya Priyadarshi,Sagir Gogoi,5,2,1,2,2,2,0,0,0,4,1
4,76,9,Sagir Gogoi,Atulya Priyadarshi,12,5,1,6,6,2,4,0,0,7,5
4,76,10,Atulya Priyadarshi,Sagir Gogoi,8,2,2,4,4,1,3,2,0,3,5
4,74,1,Shekhar Das,Mohit Kumar,4,0,4,0,0,0,0,0,0,0,4
4,74,2,Mohit Kumar,Shekhar Das,6,1,0,5,5,3,2,0,1,4,2
4,74,3,Shekhar Das,Mohit Kumar,8,3,4,1,1,0,1,0,0,3,5
4,74,4,Mohit Kumar,Shekhar Das,4,0,0,4,4,4,0,0,0,4,0
4,74,5,Shekhar Das,Mohit Kumar,6,2,4,0,0,0,0,0,0,2,4
4,74,6,Mohit Kumar,Shekhar Das,6,0,0,6,6,4,2,0,0,4,2
4,80,1,Sourav Ghosh,Tarun Sharma,6,1,1,4,4,1,3,0,0,2,4
4,80,2,Tarun Sharma,Sourav Ghosh,5,1,3,1,1,0,1,1,0,1,4
4,80,3,Sourav Ghosh,Tarun Sharma,6,1,1,4,4,1,3,0,0,2,4
4,80,4,Tarun Sharma,Sourav Ghosh,8,2,5,1,1,1,0,0,0,3,5
4,80,5,Sourav Ghosh,Tarun Sharma,6,4,1,1,1,0,1,0,0,4,2
4,80,6,Tarun Sharma,Sourav Ghosh,5,1,4,0,0,0,0,0,0,1,4
4,80,7,Sourav Ghosh,Tarun Sharma,8,3,1,4,4,2,2,0,0,5,3
4,80,8,Tarun Sharma,Sourav Ghosh,4,0,2,2,2,0,2,2,0,0,4
4,84,1,Subhadip Chakraborty,Samarth Gupta,5,0,0,5,5,1,4,0,0,1,4
4,84,2,Samarth Gupta,Subhadip Chakraborty,4,3,0,1,1,1,0,0,0,4,0
4,84,3,Subhadip Chakraborty,Samarth Gupta,4,0,0,4,4,4,0,0,0,4,0
4,84,4,Samarth Gupta,Subhadip Chakraborty,6,2,1,3,3,0,3,1,0,2,4
4,84,5,Subhadip Chakraborty,Samarth Gupta,10,3,1,6,6,3,3,0,0,6,4
4,84,6,Samarth Gupta,Subhadip Chakraborty,8,5,1,2,2,0,2,2,0,5,3
4,84,7,Subhadip Chakraborty,Samarth Gupta,6,2,1,3,3,2,1,1,0,4,2
4,84,8,Samarth Gupta,Subhadip Chakraborty,6,3,1,2,2,1,1,0,0,4,2
4,84,9,Subhadip Chakraborty,Samarth Gupta,4,3,0,1,1,1,0,0,0,4,0
4,84,10,Samarth Gupta,Subhadip Chakraborty,5,1,4,0,0,0,0,0,0,1,4
4,79,1,Sandip Kundu,Sanjib Mahanta,6,1,2,3,3,1,2,0,0,2,4
4,79,2,Sanjib Mahanta,Sandip Kundu,6,2,0,4,4,2,2,0,0,4,2
4,79,3,Sandip Kundu,Sanjib Mahanta,8,3,1,4,4,0,4,1,0,3,5
4,79,4,Sanjib Mahanta,Sandip Kundu,6,0,3,3,3,2,1,0,0,2,4
4,79,5,Sandip Kundu,Sanjib Mahanta,10,4,4,2,2,0,2,0,0,4,6
4,79,6,Sanjib Mahanta,Sandip Kundu,10,5,1,4,4,1,3,0,0,6,4
4,79,7,Sandip Kundu,Sanjib Mahanta,5,1,2,2,2,0,2,2,0,1,4
4,70,1,Sumit Raychaudhuri,Kamal Agarwal,8,1,1,6,6,4,2,0,0,5,3
4,70,2,Kamal Agarwal,Sumit Raychaudhuri,16,3,1,12,12,4,8,1,1,7,9
4,70,3,Sumit Raychaudhuri,Kamal Agarwal,4,2,0,2,2,2,0,0,0,4,0
4,70,4,Kamal Agarwal,Sumit Raychaudhuri,6,3,0,3,3,1,2,1,1,4,2
4,70,5,Sumit Raychaudhuri,Kamal Agarwal,8,2,0,6,6,1,5,0,2,3,5
4,70,6,Kamal Agarwal,Sumit Raychaudhuri,6,1,0,5,5,1,4,2,0,2,4
4,70,7,Sumit Raychaudhuri,Kamal Agarwal,5,2,1,2,2,2,0,0,0,4,1
4,70,8,Kamal Agarwal,Sumit Raychaudhuri,8,1,2,5,5,2,3,1,0,3,5
4,77,1,Neelabh Neeraj,CKP,10,2,3,5,5,2,3,1,0,4,6
4,77,2,CKP,Neelabh Neeraj,6,2,0,4,4,2,2,0,0,4,2
4,77,3,Neelabh Neeraj,CKP,6,2,1,3,3,0,3,2,0,2,4
4,77,4,CKP,Neelabh Neeraj,5,4,0,1,1,0,1,0,1,4,1
4,77,5,Neelabh Neeraj,CKP,5,1,1,3,3,0,3,0,0,1,4
4,77,6,CKP,Neelabh Neeraj,5,2,1,2,2,2,0,0,0,4,1
4,78,1,Rishav Kacholia,Shlok Mitra,6,1,1,4,4,1,3,0,0,2,4
4,78,2,Shlok Mitra,Rishav Kacholia,4,0,2,2,2,0,2,0,0,0,4
4,78,3,Rishav Kacholia,Shlok Mitra,10,5,3,2,2,1,1,1,0,6,4
4,78,4,Shlok Mitra,Rishav Kacholia,4,2,0,2,2,2,0,0,0,4,0
4,78,5,Rishav Kacholia,Shlok Mitra,6,2,2,2,2,2,0,0,1,4,2
4,78,6,Shlok Mitra,Rishav Kacholia,6,3,1,2,2,1,1,0,1,4,2
4,78,7,Rishav Kacholia,Shlok Mitra,8,4,1,3,3,1,2,1,0,5,3
4,78,8,Shlok Mitra,Rishav Kacholia,8,4,0,4,4,1,3,0,0,5,3
4,78,9,Rishav Kacholia,Shlok Mitra,4,2,0,2,2,2,0,0,0,4,0
4,78,10,Shlok Mitra,Rishav Kacholia,6,1,1,4,4,1,3,0,0,2,4
3,47,1,Abhishek Kumar,Avijit Paul,4,4,0,0,0,0,0,0,0,4,0
3,47,2,Avijit Paul,Abhishek Kumar,8,2,4,2,2,1,1,0,0,3,5
3,47,3,Abhishek Kumar,Avijit Paul,8,4,1,3,3,1,2,0,0,5,3
3,47,4,Avijit Paul,Abhishek Kumar,4,0,2,2,2,0,2,1,0,0,4
3,47,5,Abhishek Kumar,Avijit Paul,4,0,1,3,3,0,3,0,0,0,4
3,47,6,Avijit Paul,Abhishek Kumar,14,7,4,3,3,1,2,1,0,8,6
3,47,7,Abhishek Kumar,Avijit Paul,4,3,0,1,1,1,0,0,0,4,0
3,47,8,Avijit Paul,Abhishek Kumar,5,1,4,0,0,0,0,0,0,1,4
4,81,1,Abhishek Kumar,Saikat Maity,8,4,2,2,2,1,1,0,0,5,3
4,81,2,Saikat Maity,Abhishek Kumar,6,3,1,2,2,1,1,1,0,4,2
4,81,3,Abhishek Kumar,Saikat Maity,6,2,1,3,3,2,1,0,0,4,2
4,81,4,Saikat Maity,Abhishek Kumar,5,1,2,2,2,0,2,0,0,1,4
4,81,5,Abhishek Kumar,Saikat Maity,8,3,1,4,4,2,2,0,0,5,3
4,81,6,Saikat Maity,Abhishek Kumar,8,0,4,4,4,3,1,0,0,3,5
4,81,7,Abhishek Kumar,Saikat Maity,5,2,0,3,3,2,1,1,0,4,1
5,89,1,Jit Narayan De,Vineet Gupta,4,0,3,1,1,0,1,0,0,0,4
5,89,2,Vineet Gupta,Jit Narayan De,6,4,1,1,1,0,1,1,0,4,2
5,89,3,Jit Narayan De,Vineet Gupta,8,1,4,3,3,2,1,0,0,3,5
5,89,4,Vineet Gupta,Jit Narayan De,6,0,3,3,3,2,1,0,0,2,4
5,89,5,Jit Narayan De,Vineet Gupta,4,0,3,1,1,0,1,0,0,0,4
5,89,6,Vineet Gupta,Jit Narayan De,6,0,3,3,3,2,1,1,0,2,4
5,89,7,Jit Narayan De,Vineet Gupta,6,2,1,3,3,0,3,1,0,2,4
5,89,8,Vineet Gupta,Jit Narayan De,6,1,1,4,4,1,3,1,0,2,4
5,89,9,Jit Narayan De,Vineet Gupta,6,2,3,1,1,0,1,0,0,2,4
5,110,1,Vipul Gupta,Sisir Biswas,5,3,0,2,2,1,1,1,0,4,1
5,110,2,Sisir Biswas,Vipul Gupta,6,2,0,4,4,2,2,1,0,4,2
5,110,3,Vipul Gupta,Sisir Biswas,6,2,1,3,3,2,1,0,0,4,2
5,110,4,Sisir Biswas,Vipul Gupta,6,1,0,5,5,3,2,1,1,4,2
5,110,5,Vipul Gupta,Sisir Biswas,5,0,0,5,5,1,4,2,0,1,4
5,110,6,Sisir Biswas,Vipul Gupta,4,0,1,3,3,0,3,0,0,0,4
5,110,7,Vipul Gupta,Sisir Biswas,6,1,3,2,2,1,1,2,0,2,4
5,110,8,Sisir Biswas,Vipul Gupta,6,2,2,2,2,2,0,1,0,4,2
5,110,9,Vipul Gupta,Sisir Biswas,8,4,2,2,2,1,1,0,0,5,3
5,110,10,Sisir Biswas,Vipul Gupta,6,2,1,3,3,2,1,0,0,4,2
5,95,1,CKP,Vikrant Chopra,6,1,0,5,5,3,2,2,1,4,2
5,95,2,Vikrant Chopra,CKP,5,2,0,3,3,2,1,0,0,4,1
5,95,3,CKP,Vikrant Chopra,10,3,1,6,6,3,3,0,1,6,4
5,95,4,Vikrant Chopra,CKP,6,2,2,2,2,0,2,1,0,2,4
5,95,5,CKP,Vikrant Chopra,5,0,1,4,4,1,3,2,0,1,4
5,95,6,Vikrant Chopra,CKP,8,3,2,3,3,2,1,1,0,5,3
5,95,7,CKP,Vikrant Chopra,10,2,2,6,6,2,4,0,1,4,6
5,95,8,Vikrant Chopra,CKP,8,3,2,3,3,2,1,0,0,5,3
5,95,9,CKP,Vikrant Chopra,12,3,2,7,7,2,5,1,0,5,7
5,96,1,Subhadip Chakraborty,Sanjoy Saha,4,0,4,0,0,0,0,0,0,0,4
5,96,2,Sanjoy Saha,Subhadip Chakraborty,5,1,0,4,4,0,4,0,1,1,4
5,96,3,Subhadip Chakraborty,Sanjoy Saha,5,1,1,3,3,0,3,0,0,1,4
5,96,4,Sanjoy Saha,Subhadip Chakraborty,4,4,0,0,0,0,0,0,1,4,0
5,96,5,Subhadip Chakraborty,Sanjoy Saha,4,0,3,1,1,0,1,0,0,0,4
5,96,6,Sanjoy Saha,Subhadip Chakraborty,5,1,0,4,4,3,1,0,1,4,1
5,96,7,Subhadip Chakraborty,Sanjoy Saha,6,1,3,2,2,1,1,1,0,2,4
5,92,1,Vivek Karmakar,Sneh Mitra,4,0,0,4,4,0,4,2,0,0,4
5,92,2,Sneh Mitra,Vivek Karmakar,12,4,0,8,8,3,5,1,0,7,5
5,92,3,Vivek Karmakar,Sneh Mitra,6,2,3,1,1,0,1,1,0,2,4
5,92,4,Sneh Mitra,Vivek Karmakar,6,2,0,4,4,2,2,0,0,4,2
5,92,5,Vivek Karmakar,Sneh Mitra,6,4,0,2,2,0,2,0,0,4,2
5,92,6,Sneh Mitra,Vivek Karmakar,5,4,1,0,0,0,0,0,0,4,1
5,92,7,Vivek Karmakar,Sneh Mitra,10,4,3,3,3,2,1,0,0,6,4
5,92,8,Sneh Mitra,Vivek Karmakar,8,5,3,0,0,0,0,0,0,5,3
5,104,1,Agniswar Chatterjee,Shlok Mitra,5,1,3,1,1,0,1,0,0,1,4
5,104,2,Shlok Mitra,Agniswar Chatterjee,4,2,0,2,2,2,0,0,0,4,0
5,104,3,Agniswar Chatterjee,Shlok Mitra,4,0,3,1,1,0,1,1,0,0,4
5,104,4,Shlok Mitra,Agniswar Chatterjee,6,1,1,4,4,3,1,1,0,4,2
5,104,5,Agniswar Chatterjee,Shlok Mitra,10,2,3,5,5,2,3,2,0,4,6
5,104,6,Shlok Mitra,Agniswar Chatterjee,6,2,1,3,3,2,1,0,0,4,2
5,106,1,Tarun Sharma,Sudipta Chattoraj,14,7,4,3,3,1,2,0,1,8,6
5,106,2,Sudipta Chattoraj,Tarun Sharma,6,3,1,2,2,1,1,0,0,4,2
5,106,3,Tarun Sharma,Sudipta Chattoraj,16,8,6,2,2,1,1,0,0,9,7
5,106,4,Sudipta Chattoraj,Tarun Sharma,6,4,1,1,1,0,1,0,0,4,2
5,106,5,Tarun Sharma,Sudipta Chattoraj,6,2,4,0,0,0,0,0,0,2,4
5,106,6,Sudipta Chattoraj,Tarun Sharma,12,7,1,4,4,0,4,0,0,7,5
5,106,7,Tarun Sharma,Sudipta Chattoraj,6,2,4,0,0,0,0,0,0,2,4
5,106,8,Sudipta Chattoraj,Tarun Sharma,4,0,3,1,1,0,1,0,0,0,4
5,106,9,Tarun Sharma,Sudipta Chattoraj,6,3,2,1,1,1,0,0,0,4,2
5,106,10,Sudipta Chattoraj,Tarun Sharma,6,4,2,0,0,0,0,0,0,4,2
5,106,11,Tarun Sharma,Sudipta Chattoraj,8,2,4,2,2,1,1,0,0,3,5
5,106,12,Sudipta Chattoraj,Tarun Sharma,14,5,4,5,5,3,2,0,0,8,6
5,91,1,Akhilesh Verma,Sumit Raychaudhuri,6,1,0,5,5,1,4,2,0,2,4
5,91,2,Sumit Raychaudhuri,Akhilesh Verma,5,1,1,3,3,0,3,0,0,1,4
5,91,3,Akhilesh Verma,Sumit Raychaudhuri,8,1,0,7,7,2,5,0,0,3,5
5,91,4,Sumit Raychaudhuri,Akhilesh Verma,6,1,1,4,4,3,1,0,0,4,2
5,91,5,Akhilesh Verma,Sumit Raychaudhuri,10,2,1,7,7,2,5,0,1,4,6
5,91,6,Sumit Raychaudhuri,Akhilesh Verma,4,2,0,2,2,2,0,0,0,4,0
5,91,7,Akhilesh Verma,Sumit Raychaudhuri,6,0,1,5,5,4,1,0,0,4,2
5,91,8,Sumit Raychaudhuri,Akhilesh Verma,6,3,1,2,2,1,1,0,0,4,2
5,98,1,Sanjib Mahanta,Kamal Agarwal,6,4,1,1,1,0,1,0,0,4,2
5,98,2,Kamal Agarwal,Sanjib Mahanta,5,3,0,2,2,1,1,0,0,4,1
5,98,3,Sanjib Mahanta,Kamal Agarwal,4,4,0,0,0,0,0,0,0,4,0
5,98,4,Kamal Agarwal,Sanjib Mahanta,8,0,2,6,6,5,1,0,0,5,3
5,98,5,Sanjib Mahanta,Kamal Agarwal,10,3,2,5,5,1,4,0,0,4,6
5,98,6,Kamal Agarwal,Sanjib Mahanta,6,1,0,5,5,3,2,0,0,4,2
5,98,7,Sanjib Mahanta,Kamal Agarwal,8,0,2,6,6,3,3,0,0,3,5
5,98,8,Kamal Agarwal,Sanjib Mahanta,5,2,0,3,3,2,1,0,0,4,1
5,90,1,Shubham Hazra,Dipanjan Mitra,5,1,3,1,1,0,1,0,0,1,4
5,90,2,Dipanjan Mitra,Shubham Hazra,4,3,0,1,1,1,0,0,0,4,0
5,90,3,Shubham Hazra,Dipanjan Mitra,6,0,2,4,4,2,2,0,0,2,4
5,90,4,Dipanjan Mitra,Shubham Hazra,4,2,0,2,2,2,0,0,0,4,0
5,90,5,Shubham Hazra,Dipanjan Mitra,8,5,2,1,1,0,1,1,0,5,3
5,90,6,Dipanjan Mitra,Shubham Hazra,4,1,0,3,3,3,0,0,1,4,0
5,90,7,Shubham Hazra,Dipanjan Mitra,10,5,2,3,3,1,2,1,0,6,4
5,90,8,Dipanjan Mitra,Shubham Hazra,8,3,0,5,5,2,3,1,0,5,3
5,108,1,Kartavya,Sandip Kundu,12,2,3,7,7,3,4,0,0,5,7
5,108,2,Sandip Kundu,Kartavya,6,3,1,2,2,1,1,0,0,4,2
5,108,3,Kartavya,Sandip Kundu,4,4,0,0,0,0,0,0,0,4,0
5,108,4,Sandip Kundu,Kartavya,6,2,2,2,2,2,0,0,0,4,2
5,108,5,Kartavya,Sandip Kundu,5,2,0,3,3,2,1,0,0,4,1
5,108,6,Sandip Kundu,Kartavya,5,1,2,2,2,0,2,0,0,1,4
5,108,7,Kartavya,Sandip Kundu,5,4,1,0,0,0,0,0,0,4,1
5,108,8,Sandip Kundu,Kartavya,6,2,2,2,2,2,0,0,0,4,2
5,108,9,Kartavya,Sandip Kundu,5,4,1,0,0,0,0,0,0,4,1
5,108,10,Sandip Kundu,Kartavya,6,2,1,3,3,2,1,1,0,4,2
5,108,11,Kartavya,Sandip Kundu,4,4,0,0,0,0,0,0,0,4,0
5,108,12,Sandip Kundu,Kartavya,6,2,3,1,1,0,1,1,0,2,4
5,109,1,Saikat Maity,Avijit Paul,10,3,2,5,5,3,2,2,0,6,4
5,109,2,Avijit Paul,Saikat Maity,5,0,1,4,4,4,0,0,0,4,1
5,109,3,Saikat Maity,Avijit Paul,4,1,0,3,3,3,0,0,0,4,0
5,109,4,Avijit Paul,Saikat Maity,6,2,3,1,1,0,1,0,0,2,4
5,109,5,Saikat Maity,Avijit Paul,5,1,1,3,3,0,3,1,0,1,4
5,109,6,Avijit Paul,Saikat Maity,8,1,0,7,7,4,3,0,1,5,3
5,109,7,Saikat Maity,Avijit Paul,5,2,1,2,2,2,0,0,0,4,1
5,109,8,Avijit Paul,Saikat Maity,14,4,2,8,8,4,4,1,0,8,6
5,109,9,Saikat Maity,Avijit Paul,6,1,2,3,3,1,2,2,0,2,4
5,109,10,Avijit Paul,Saikat Maity,6,1,1,4,4,3,1,0,1,4,2
4,87,1,Kartavya,Avijit Paul,4,2,0,2,2,2,0,0,0,4,0
4,87,2,Avijit Paul,Kartavya,5,1,3,1,1,0,1,1,0,1,4
4,87,3,Kartavya,Avijit Paul,10,4,3,3,3,0,3,1,0,4,6
4,87,4,Avijit Paul,Kartavya,8,4,3,1,1,1,0,0,0,5,3
4,87,5,Kartavya,Avijit Paul,4,4,0,0,0,0,0,0,0,4,0
4,87,6,Avijit Paul,Kartavya,8,1,1,6,6,2,4,0,0,3,5
4,87,7,Kartavya,Avijit Paul,6,3,1,2,2,1,1,0,0,4,2
4,87,8,Avijit Paul,Kartavya,6,0,1,5,5,2,3,1,0,2,4

